﻿<?xml version="1.0" encoding="utf-8"?>
<Defs>

	<HediffDef ParentName="AddedBodyPartBase">
		<defName>CIWSNamiAI</defName>
		<label>纳米机器人</label>
		<labelNoun>纳米机器人</labelNoun>
		<description>纳米机器人.</description>
		<descriptionHyperlinks><ThingDef>CIWSNamiAI</ThingDef></descriptionHyperlinks>
		<spawnThingOnRemoved>CIWSNamiAI</spawnThingOnRemoved>
		<stages>
			<li>
				<capMods>
					<li>
						<capacity>Consciousness</capacity>
						<offset>0.5</offset>
					</li>
					<li>
						<capacity>Sight</capacity>
						<offset>1.0</offset>
					</li>
					<li>
						<capacity>Manipulation</capacity>
						<offset>1.0</offset>
					</li>
					<li>
						<capacity>BloodFiltration</capacity>
						<offset>1.0</offset>
					</li>
				</capMods>
			</li>
		</stages>
		<addedPartProps>
			<solid>true</solid>
			<partEfficiency>1.5</partEfficiency>
			<betterThanNatural>true</betterThanNatural>
		</addedPartProps>
	</HediffDef>

	<ThingDef ParentName="BodyPartBionicBase">
		<defName>CIWSNamiAI</defName>
		<label>纳米机器人</label>
		<description>纳米级的通用机器人，在血液中工作，能增强宿主的意识，视觉，操作及血液过滤。</description>
		<costList>
			<Plasteel>150</Plasteel>
			<ComponentSpacer>40</ComponentSpacer>
		</costList>
		<statBases>
			<Mass>2</Mass>
		</statBases>
	</ThingDef>

	<HediffDef ParentName="AddedBodyPartBase">
		<defName>CIWSFanyiJiaya</defName>
		<label>语言翻译假牙</label>
		<labelNoun>语言翻译假牙</labelNoun>
		<description>在一颗普通的假牙里面植入了微型语言翻译设备，砍价利器。</description>
		<descriptionHyperlinks><ThingDef>CIWSFanyiJiaya</ThingDef></descriptionHyperlinks>
		<spawnThingOnRemoved>CIWSFanyiJiaya</spawnThingOnRemoved>
		<stages>
			<li>
				<capMods>
					<li>
						<capacity>Talking</capacity>
						<offset>1.0</offset>
					</li>
					<li>
						<capacity>Hearing</capacity>
						<offset>1.0</offset>
					</li>
				</capMods>
			</li>
		</stages>
		<addedPartProps>
			<solid>true</solid>
			<partEfficiency>2.0</partEfficiency>
			<betterThanNatural>true</betterThanNatural>
		</addedPartProps>
	</HediffDef>

	<ThingDef ParentName="BodyPartBionicBase">
		<defName>CIWSFanyiJiaya</defName>
		<label>语言翻译假牙</label>
		<description>语言翻译假牙.</description>
		<costList>
			<Plasteel>150</Plasteel>
			<ComponentSpacer>40</ComponentSpacer>
		</costList>
		<statBases>
			<Mass>2</Mass>
		</statBases>
	</ThingDef>


	<HediffDef ParentName="AddedBodyPartBase">
		<defName>CIWSZhinengTui</defName>
		<label>智能仿生腿</label>
		<labelNoun>智能仿生腿</labelNoun>
		<description>结合人体工学和罗罗公司出品的MB62引擎制作而成，动力强劲。</description>
		<descriptionHyperlinks><ThingDef>CIWSZhinengTui</ThingDef></descriptionHyperlinks>
		<spawnThingOnRemoved>CIWSZhinengTui</spawnThingOnRemoved>
		<stages>
			<li>
				<capMods>
					<li>
						<capacity>Moving</capacity>
						<offset>1.0</offset>
					</li>
				</capMods>
			</li>
		</stages>
		<addedPartProps>
			<solid>true</solid>
			<partEfficiency>1.5</partEfficiency>
			<betterThanNatural>true</betterThanNatural>
		</addedPartProps>
	</HediffDef>

	<ThingDef ParentName="BodyPartBionicBase">
		<defName>CIWSZhinengTui</defName>
		<label>智能仿生腿</label>
		<description>智能仿生腿.</description>
		<costList>
			<Plasteel>150</Plasteel>
			<ComponentSpacer>40</ComponentSpacer>
		</costList>
		<statBases>
			<Mass>2</Mass>
		</statBases>
	</ThingDef>

</Defs>
