﻿<?xml version="1.0" encoding="utf-8" ?>
<Defs>

	<ThingDef Abstract="True" Name="PlantkaixinRawBase" ParentName="OrganicProductBase">
		<ingestible>
			<preferability>RawBad</preferability>
			<ingestEffect>EatVegetarian</ingestEffect>
			<ingestSound>RawVegetable_Eat</ingestSound>
		</ingestible>
		<statBases>
			<Nutrition>0.05</Nutrition>
			<FoodPoisonChanceFixedHuman>0.02</FoodPoisonChanceFixedHuman>
		</statBases>
		<socialPropernessMatters>true</socialPropernessMatters>
		<thingCategories>
			<li>PlantFoodRaw</li>
		</thingCategories>
	</ThingDef>

	<ThingDef ParentName="PlantkaixinRawBase">
		<defName>RawKaixin</defName>
		<label>开心果</label>
		<description>开心果，吃了会让人莫名其妙高兴起来。</description>
		<graphicData>
			<texPath>Things/Item/Resource/PlantFoodRaw/CIWSKaiXin</texPath>
		</graphicData>
		<statBases>
			<Nutrition>0.10</Nutrition>
			<MaxHitPoints>100</MaxHitPoints>
			<MarketValue>2.5</MarketValue>
			<Mass>0.027</Mass>
			<Flammability>1.0</Flammability>
			<DeteriorationRate>10</DeteriorationRate>
		</statBases>
		<comps>
			<li Class="CompProperties_Rottable">
				<daysToRotStart>3</daysToRotStart>
				<rotDestroys>true</rotDestroys>
			</li>
		</comps>
		<ingestible>
			<tasteThought>AteRawKaixin</tasteThought>
			<preferability>RawTasty</preferability>
			<foodType>VegetableOrFruit</foodType>
			<ingestEffect>EatVegetarian</ingestEffect>
			<joy>10</joy>
			<joyKind>Gluttonous</joyKind>
			<maxNumToIngestAtOnce>4</maxNumToIngestAtOnce>
			<ingestSound>Meal_Eat</ingestSound>
		</ingestible>
	</ThingDef>

</Defs>