﻿<?xml version="1.0" encoding="utf-8"?>
<Defs>

	<TraderKindDef>
		<defName>CIWS_Caravan_Outlander_Exotic</defName>
		<label>近防贸易公司</label>
		<commonality>1</commonality>
		<stockGenerators>
			<li Class="StockGenerator_SingleDef">
				<thingDef>Silver</thingDef>
				<countRange>
					<min>2750</min>
					<max>6000</max>
				</countRange>
			</li>
			<li Class="StockGenerator_SingleDef">
				<thingDef>ComponentIndustrial</thingDef>
				<countRange>
					<min>30</min>
					<max>40</max>
				</countRange>
			</li>
			<li Class="StockGenerator_SingleDef">
				<thingDef>Plasteel</thingDef>
				<countRange>
					<min>150</min>
					<max>450</max>
				</countRange>
			</li>
			<li Class="StockGenerator_SingleDef">
				<thingDef>Gold</thingDef>
				<countRange>
					<min>120</min>
					<max>240</max>
				</countRange>
			</li>
			<li Class="StockGenerator_Tag">
				<tradeTag>MortarShell</tradeTag>
				<thingDefCountRange>
					<min>1</min>
					<max>2</max>
				</thingDefCountRange>
				<countRange>
					<min>5</min>
					<max>20</max>
				</countRange>
			</li>
			<li Class="StockGenerator_SingleDef">
				<thingDef>WoodLog</thingDef>
				<countRange>
					<min>500</min>
					<max>600</max>
				</countRange>
			</li>
			<li Class="StockGenerator_Category">
				<categoryDef>ResourcesRaw</categoryDef>
				<thingDefCountRange>
					<min>3</min>
					<max>8</max>
				</thingDefCountRange>
				<totalPriceRange>
					<min>300</min>
					<max>900</max>
				</totalPriceRange>
			</li>
			<li Class="StockGenerator_SingleDef">
				<thingDef>MedicineUltratech</thingDef>
				<countRange>
					<min>20</min>
					<max>80</max>
				</countRange>
			</li>
			<li Class="StockGenerator_SingleDef">
				<thingDef>MedicineIndustrial</thingDef>
				<price>Expensive</price>
				<countRange>
					<min>10</min>
					<max>20</max>
				</countRange>
			</li>
			<li Class="StockGenerator_Tag">
				<tradeTag>Exotic</tradeTag>
				<thingDefCountRange>
					<min>3</min>
					<max>8</max>
				</thingDefCountRange>
				<countRange>
					<min>1</min>
					<max>2</max>
				</countRange>
			</li>
			<li Class="StockGenerator_Tag">
				<tradeTag>BodyPartOrImplant</tradeTag>
				<thingDefCountRange>
					<min>3</min>
					<max>5</max>
				</thingDefCountRange>
				<countRange>
					<min>1</min>
					<max>1</max>
				</countRange>
			</li>
			<li Class="StockGenerator_Tag">
				<tradeTag>Artifact</tradeTag>
				<thingDefCountRange>
					<min>2</min>
					<max>6</max>
				</thingDefCountRange>
				<countRange>
					<min>1</min>
					<max>1</max>
				</countRange>
			</li>
			<li Class="StockGenerator_Art">
				<countRange>
					<min>2</min>
					<max>6</max>
				</countRange>
			</li>
			<li Class="StockGenerator_Tag">
				<tradeTag>Television</tradeTag>
				<thingDefCountRange>
					<min>1</min>
					<max>2</max>
				</thingDefCountRange>
				<countRange>
					<min>1</min>
					<max>1</max>
				</countRange>
			</li>
			<li Class="StockGenerator_SingleDef">
				<thingDef>Telescope</thingDef>
				<countRange>
					<min>0</min>
					<max>1</max>
				</countRange>
			</li>
			<li Class="StockGenerator_Animals">
				<maxWildness>0.70</maxWildness>
				<tradeTagsSell>
					<li>AnimalFarm</li>
					<li>AnimalPet</li>
				</tradeTagsSell>
				<tradeTagsBuy>
					<li>AnimalExotic</li>
				</tradeTagsBuy>
				<kindCountRange>
					<min>1</min>
					<max>1</max>
				</kindCountRange>
				<countRange>
					<min>3</min>
					<max>4</max>
				</countRange>
			</li>
			<li Class="StockGenerator_Category">
				<categoryDef>Drugs</categoryDef>
			</li>
			<li Class="StockGenerator_SingleDef">
				<thingDef>CIWSBaiYaoFen</thingDef>
				<countRange>
					<min>10</min>
					<max>40</max>
				</countRange>
			</li>
			<li Class="StockGenerator_Category">
				<categoryDef>FoodRaw</categoryDef>
				<excludedCategories><li>EggsFertilized</li></excludedCategories>
				<thingDefCountRange>
					<min>3</min>
					<max>6</max>
				</thingDefCountRange>
				<totalPriceRange>
					<min>350</min>
					<max>800</max>
				</totalPriceRange>
			</li>
			<li Class="StockGenerator_WeaponsRanged">
				<countRange>
					<min>5</min>
					<max>10</max>
				</countRange>
			</li>
			<li Class="StockGenerator_Category">
				<categoryDef>WeaponsMelee</categoryDef>
				<thingDefCountRange>
					<min>6</min>
					<max>6</max>
				</thingDefCountRange>
				<countRange>
					<min>1</min>
					<max>1</max>
				</countRange>
			</li>
			<li Class="StockGenerator_Armor">
				<countRange>
					<min>5</min>
					<max>5</max>
				</countRange>
			</li>
			<li Class="StockGenerator_Tag">
				<tradeTag>Furniture</tradeTag>
				<thingDefCountRange>
					<min>3</min>
					<max>3</max>
				</thingDefCountRange>
				<countRange>
					<min>1</min>
					<max>1</max>
				</countRange>
			</li>
			<li Class="StockGenerator_SingleDef">
				<thingDef>Steel</thingDef>
				<countRange>
					<min>250</min>
					<max>400</max>
				</countRange>
			</li>
			<li Class="StockGenerator_SingleDef">
				<thingDef>Uranium</thingDef>
				<countRange>
					<min>150</min>
					<max>300</max>
				</countRange>
			</li>
			<li Class="StockGenerator_SingleDef">
				<thingDef>Cloth</thingDef>
				<countRange>
					<min>250</min>
					<max>400</max>
				</countRange>
			</li>
			<li Class="StockGenerator_Category">
				<categoryDef>Apparel</categoryDef>
				<thingDefCountRange>
					<min>3</min>
					<max>6</max>
				</thingDefCountRange>
				<countRange>
					<min>1</min>
					<max>10</max>
				</countRange>
			</li>
			<li Class="StockGenerator_Slaves">
				<countRange>
					<min>-1</min>
					<max>2</max>
				</countRange>
			</li>
			<li Class="StockGenerator_SingleDef">
				<thingDef>CIWSNamiAI</thingDef>
				<countRange>
					<min>1</min>
					<max>2</max>
				</countRange>
			</li>
			<li Class="StockGenerator_SingleDef">
				<thingDef>CIWSFanyiJiaya</thingDef>
				<countRange>
					<min>1</min>
					<max>2</max>
				</countRange>
			</li>
			<li Class="StockGenerator_SingleDef">
				<thingDef>CIWSZhinengTui</thingDef>
				<countRange>
					<min>1</min>
					<max>2</max>
				</countRange>
			</li>
			<li Class="StockGenerator_SingleDef">
				<thingDef>Chemfuel</thingDef>
				<countRange>
					<min>250</min>
					<max>400</max>
				</countRange>
			</li>
			<li Class="StockGenerator_SingleDef">
				<thingDef>Neutroamine</thingDef>
				<countRange>
					<min>70</min>
					<max>160</max>
				</countRange>
			</li>
			<li Class="StockGenerator_Category">
				<categoryDef>Textiles</categoryDef>
			</li>
			<li Class="StockGenerator_BuyArt" />
			<li Class="StockGenerator_BuyWeirdOrganic" />
			<li Class="StockGenerator_BuyExpensiveSimple" />
		</stockGenerators>
	</TraderKindDef>

</Defs>