﻿<?xml version="1.0" encoding="utf-8" ?>
<Defs>

	<RecipeDef>
		<defName>Make_CIWSNutrition</defName>
		<label>祈祷应急食物</label>
		<description>祈祷应急食物</description>
		<jobString>少女祈祷中.</jobString>
		<workAmount>2500</workAmount>
		<workSpeedStat>CookSpeed</workSpeedStat>
		<effectWorking>Cook</effectWorking>
		<soundWorking>Recipe_CookMeal</soundWorking>
		<allowMixingIngredients>true</allowMixingIngredients>
		<ingredientValueGetterClass>IngredientValueGetter_Nutrition</ingredientValueGetterClass><!--按营养值计算数量-->
		<recipeUsers>
			<li>CraftingSpot</li>
		</recipeUsers>
		<ingredients>
		</ingredients>
		<products>
			<MealNutrientPaste>10</MealNutrientPaste>
		</products>
		<workSkill>Cooking</workSkill>
	</RecipeDef>

	<RecipeDef>
		<defName>Make_CIWSSmokeleaf</defName>
		<label>制作十份大麻烟</label>
		<description>制作十份大麻烟。</description>
		<jobString>制作十份大麻烟.</jobString>
		<workAmount>2400</workAmount>
		<workSpeedStat>DrugCookingSpeed</workSpeedStat>
		<effectWorking>Cook</effectWorking>
		<soundWorking>Recipe_CookMeal</soundWorking>
		<allowMixingIngredients>false</allowMixingIngredients>
		<workSkill>Cooking</workSkill>
		<recipeUsers>
			<li>DrugLab</li>
		</recipeUsers>
		<ingredients>
			<!--成分-->
			<li>
				<!--列表-->
				<filter>
					<!--筛选器-->
					<thingDefs>
						<li>SmokeleafLeaves</li>
					</thingDefs>
				</filter>
				<count>40</count>
				<!--数量-->
			</li>
		</ingredients>
		<fixedIngredientFilter>
			<!--固定筛选器-->
			<thingDefs>
				<li>SmokeleafLeaves</li>
			</thingDefs>
		</fixedIngredientFilter>
		<defaultIngredientFilter>
			<thingDefs>
				<li>SmokeleafLeaves</li>
			</thingDefs>
		</defaultIngredientFilter>
		<products>
			<SmokeleafJoint>10</SmokeleafJoint>
		</products>
	</RecipeDef>

	<RecipeDef>
		<defName>MakeFuhefei</defName>
		<label>用尸体制作复合肥</label>
		<description>用尸体制作复合肥。</description>
		<jobString>制作中。</jobString>
		<workAmount>250</workAmount>
		<effectWorking>Smelt</effectWorking>
		<soundWorking>Recipe_Smelt</soundWorking>
		<workSkill>Crafting</workSkill>
		<recipeUsers>
			<li>CraftingSpot</li>
		</recipeUsers>
		<ingredients>
			<!--成分-->
			<li>
				<!--列表-->
				<filter>
					<!--筛选器-->
					<categories>
						<!--种类-->
						<li>Corpses</li>
						<!--生物尸体-->
					</categories>
				</filter>
				<count>1</count>
				<!--数量-->
			</li>
		</ingredients>
		<fixedIngredientFilter>
			<!--固定筛选器-->
			<categories>
				<!--种类-->
				<li>Corpses</li>
				<!--生物尸体-->
			</categories>
			<disallowedCategories>
				<!--不允许种类-->
				<li>CorpsesMechanoid</li>
				<!--机器尸体-->
			</disallowedCategories>
		</fixedIngredientFilter>
		<defaultIngredientFilter>
			<!--默认选择-->
			<categories>
				<!--种类-->
				<!--<li>CorpsesHumanlike</li>-->
				<!--人类尸体-->
				<li>CorpsesAnimal</li>
				<!--动物尸体-->
			</categories>
			<specialFiltersToAllow>
				<!--默认允许-->
				<!--<li>AllowCorpsesColonist</li>-->
				<!--殖民者尸体-->
				<li>AllowCorpsesStranger</li>
				<!--陌生人尸体-->
			</specialFiltersToAllow>
			<specialFiltersToDisallow>
				<!--默认不允许-->
				<!--<li>AllowRotten</li>-->
				<!--允许腐烂的-->
				<li>AllowFresh</li>
				<!--允许新鲜的-->
			</specialFiltersToDisallow>
		</defaultIngredientFilter>
		<products>
			<Fuhefei>5</Fuhefei>
		</products>
	</RecipeDef>

	<RecipeDef>
		<defName>MakeMutoFuhefei</defName>
		<label>用木头制作复合肥</label>
		<description>用木头制作复合肥。</description>
		<jobString>制作中。</jobString>
		<workAmount>250</workAmount>
		<effectWorking>Smelt</effectWorking>
		<soundWorking>Recipe_Smelt</soundWorking>
		<workSkill>Crafting</workSkill>
		<recipeUsers>
			<li>CraftingSpot</li>
		</recipeUsers>
		<ingredients>
			<!--成分-->
			<li>
				<!--列表-->
				<filter>
					<!--筛选器-->
					<thingDefs>
						<li>WoodLog</li>
					</thingDefs>
				</filter>
				<count>75</count>
				<!--数量-->
			</li>
		</ingredients>
		<fixedIngredientFilter>
			<!--固定筛选器-->
			<thingDefs>
				<li>WoodLog</li>
			</thingDefs>
		</fixedIngredientFilter>
		<defaultIngredientFilter>
			<thingDefs>
				<li>WoodLog</li>
			</thingDefs>
		</defaultIngredientFilter>
		<products>
			<Fuhefei>5</Fuhefei>
		</products>
	</RecipeDef>

	<RecipeDef>
		<defName>MakeErHaoYaoJi</defName>
		<label>提炼二号药剂</label>
		<description>提炼二号药剂。</description>
		<jobString>提炼中。</jobString>
		<workAmount>1500</workAmount>
		<effectWorking>Cook</effectWorking>
		<workSkill>Intellectual</workSkill>
		<recipeUsers>
			<li>DrugLab</li>
		</recipeUsers>
		<ingredients>
			<li>
				<filter>
					<thingDefs>
						<li>Fuhefei</li>
					</thingDefs>
				</filter>
				<count>10</count>
			</li>
		</ingredients>
		<fixedIngredientFilter>
			<thingDefs>
				<li>Fuhefei</li>
			</thingDefs>
		</fixedIngredientFilter>
		<defaultIngredientFilter>
			<thingDefs>
				<li>Fuhefei</li>
			</thingDefs>
		</defaultIngredientFilter>
		<products>
			<ErHaoYaoJi>1</ErHaoYaoJi>
		</products>
	</RecipeDef>

	<RecipeDef>
		<defName>MakeSanHaoYaoJi</defName>
		<label>提炼三号药剂</label>
		<description>提炼三号药剂。</description>
		<jobString>提炼中。</jobString>
		<workAmount>2000</workAmount>
		<effectWorking>Cook</effectWorking>
		<workSkill>Intellectual</workSkill>
		<recipeUsers>
			<li>DrugLab</li>
		</recipeUsers>
		<ingredients>
			<li>
				<filter>
					<thingDefs>
						<li>Fuhefei</li>
					</thingDefs>
				</filter>
				<count>50</count>
			</li>
		</ingredients>
		<fixedIngredientFilter>
			<thingDefs>
				<li>Fuhefei</li>
			</thingDefs>
		</fixedIngredientFilter>
		<defaultIngredientFilter>
			<thingDefs>
				<li>Fuhefei</li>
			</thingDefs>
		</defaultIngredientFilter>
		<products>
			<SanHaoYaoJi>1</SanHaoYaoJi>
		</products>
	</RecipeDef>

	<RecipeDef>
		<defName>MakeShiYiHaoYaoJi</defName>
		<label>提炼十一号药剂</label>
		<description>提炼十一号药剂。</description>
		<jobString>提炼中。</jobString>
		<workAmount>2000</workAmount>
		<effectWorking>Cook</effectWorking>
		<workSkill>Intellectual</workSkill>
		<recipeUsers>
			<li>DrugLab</li>
		</recipeUsers>
		<ingredients>
			<li>
				<filter>
					<thingDefs>
						<li>Fuhefei</li>
					</thingDefs>
				</filter>
				<count>100</count>
			</li>
		</ingredients>
		<fixedIngredientFilter>
			<thingDefs>
				<li>Fuhefei</li>
			</thingDefs>
		</fixedIngredientFilter>
		<defaultIngredientFilter>
			<thingDefs>
				<li>Fuhefei</li>
			</thingDefs>
		</defaultIngredientFilter>
		<products>
			<ShiYiHaoYaoJi>1</ShiYiHaoYaoJi>
		</products>
	</RecipeDef>


	<RecipeDef>
		<defName>MakeWuHaoYaoJi</defName>
		<label>提炼五号药剂</label>
		<description>提炼五号药剂。</description>
		<jobString>提炼中。</jobString>
		<workAmount>2000</workAmount>
		<effectWorking>Cook</effectWorking>
		<workSkill>Intellectual</workSkill>
		<recipeUsers>
			<li>DrugLab</li>
		</recipeUsers>
		<ingredients>
			<li>
				<filter>
					<thingDefs>
						<li>Hai3Yetai</li>
					</thingDefs>
				</filter>
				<count>10</count>
			</li>
		</ingredients>
		<fixedIngredientFilter>
			<thingDefs>
				<li>Hai3Yetai</li>
			</thingDefs>
		</fixedIngredientFilter>
		<defaultIngredientFilter>
			<thingDefs>
				<li>Hai3Yetai</li>
			</thingDefs>
		</defaultIngredientFilter>
		<products>
			<WuHaoYaoJi>1</WuHaoYaoJi>
		</products>
	</RecipeDef>

	<RecipeDef>
		<defName>MakeTenBaiYaoFen</defName>
		<label>制作十份白药粉</label>
		<description>制作十份白药粉。</description>
		<jobString>制作中。</jobString>
		<workSpeedStat>CookSpeed</workSpeedStat>
		<effectWorking>Cook</effectWorking>
		<workSkill>Intellectual</workSkill>
		<recipeUsers>
			<li>DrugLab</li>
		</recipeUsers>
		<ingredients>
			<li>
				<filter>
					<thingDefs>
						<li>CIWSSanQiFen</li>
					</thingDefs>
				</filter>
				<count>50</count>
			</li>
		</ingredients>
		<fixedIngredientFilter>
			<thingDefs>
				<li>CIWSSanQiFen</li>
			</thingDefs>
		</fixedIngredientFilter>
		<defaultIngredientFilter>
			<thingDefs>
				<li>CIWSSanQiFen</li>
			</thingDefs>
		</defaultIngredientFilter>
		<products>
			<CIWSBaiYaoFen>10</CIWSBaiYaoFen>
		</products>
	</RecipeDef>

	<RecipeDef>
		<defName>AddErHaoYaoJi</defName>
		<label>灌注二号药剂</label>
		<description>灌注二号药剂。</description>
		<workerClass>Recipe_AdministerUsableItem</workerClass>
		<jobString>灌注二号药剂。</jobString>
		<targetsBodyPart>false</targetsBodyPart>
		<anesthetize>false</anesthetize>
		<workAmount>600</workAmount>
		<dontShowIfAnyIngredientMissing>true</dontShowIfAnyIngredientMissing>
		<surgerySuccessChanceFactor>99999</surgerySuccessChanceFactor>
		<ingredients>
			<li>
				<filter>
					<thingDefs>
						<li>ErHaoYaoJi</li>
					</thingDefs>
				</filter>
				<count>1</count>
			</li>
		</ingredients>
		<fixedIngredientFilter>
			<thingDefs>
				<li>ErHaoYaoJi</li>
			</thingDefs>
		</fixedIngredientFilter>
		<recipeUsers>
			<li>Human</li>
			<li>Muffalo</li>
			<li>Gazelle</li>
			<li>Iguana</li>
			<li>Rhinoceros</li>
			<li>Dromedary</li>
			<li>Bear_Grizzly</li>
			<li>Bear_Polar</li>
			<li>Cougar</li>
			<li>Panther</li>
			<li>Lynx</li>
			<li>Cassowary</li>
			<li>Emu</li>
			<li>Ostrich</li>
			<li>Turkey</li>
			<li>Chicken</li>
			<li>Pig</li>
			<li>Cow</li>
			<li>Alpaca</li>
			<li>Elephant</li>
			<li>Megasloth</li>
			<li>Thrumbo</li>
			<li>Hare</li>
			<li>Snowhare</li>
			<li>YorkshireTerrier</li>
			<li>Husky</li>
			<li>LabradorRetriever</li>
			<li>Cat</li>
			<li>Squirrel</li>
			<li>Capybara</li>
			<li>Chinchilla</li>
			<li>Raccoon</li>
			<li>Rat</li>
			<li>Deer</li>
			<li>Ibex</li>
			<li>Elk</li>
			<li>Caribou</li>
			<li>WildBoar</li>
			<li>Tortoise</li>
			<li>Cobra</li>
			<li>Monkey</li>
			<li>Warg</li>
			<li>Wolf_Timber</li>
			<li>Wolf_Arctic</li>
			<li>Fox_Fennec</li>
			<li>Fox_Red</li>
			<li>Fox_Arctic</li>
		</recipeUsers>
	</RecipeDef>
	
	<RecipeDef>
		<defName>AddSanHaoYaoJi</defName>
		<label>灌注三号药剂</label>
		<description>灌注三号药剂。</description>
		<workerClass>Recipe_AdministerUsableItem</workerClass>
		<jobString>灌注三号药剂。</jobString>
		<targetsBodyPart>false</targetsBodyPart>
		<anesthetize>false</anesthetize>
		<workAmount>600</workAmount>
		<dontShowIfAnyIngredientMissing>true</dontShowIfAnyIngredientMissing>
		<surgerySuccessChanceFactor>99999</surgerySuccessChanceFactor>
		<ingredients>
			<li>
				<filter>
					<thingDefs>
						<li>SanHaoYaoJi</li>
					</thingDefs>
				</filter>
				<count>1</count>
			</li>
		</ingredients>
		<fixedIngredientFilter>
			<thingDefs>
				<li>SanHaoYaoJi</li>
			</thingDefs>
		</fixedIngredientFilter>
		<recipeUsers>
			<li>Human</li>
			<li>Muffalo</li>
			<li>Gazelle</li>
			<li>Iguana</li>
			<li>Rhinoceros</li>
			<li>Dromedary</li>
			<li>Bear_Grizzly</li>
			<li>Bear_Polar</li>
			<li>Cougar</li>
			<li>Panther</li>
			<li>Lynx</li>
			<li>Cassowary</li>
			<li>Emu</li>
			<li>Ostrich</li>
			<li>Turkey</li>
			<li>Chicken</li>
			<li>Pig</li>
			<li>Cow</li>
			<li>Alpaca</li>
			<li>Elephant</li>
			<li>Megasloth</li>
			<li>Thrumbo</li>
			<li>Hare</li>
			<li>Snowhare</li>
			<li>YorkshireTerrier</li>
			<li>Husky</li>
			<li>LabradorRetriever</li>
			<li>Cat</li>
			<li>Squirrel</li>
			<li>Capybara</li>
			<li>Chinchilla</li>
			<li>Raccoon</li>
			<li>Rat</li>
			<li>Deer</li>
			<li>Ibex</li>
			<li>Elk</li>
			<li>Caribou</li>
			<li>WildBoar</li>
			<li>Tortoise</li>
			<li>Cobra</li>
			<li>Monkey</li>
			<li>Warg</li>
			<li>Wolf_Timber</li>
			<li>Wolf_Arctic</li>
			<li>Fox_Fennec</li>
			<li>Fox_Red</li>
			<li>Fox_Arctic</li>
		</recipeUsers>
	</RecipeDef>


	<RecipeDef>
		<defName>AddShiYiHaoYaoJi</defName>
		<label>灌注十一号药剂</label>
		<description>灌注十一号药剂。</description>
		<workerClass>Recipe_AdministerUsableItem</workerClass>
		<jobString>灌注十一号药剂。</jobString>
		<targetsBodyPart>false</targetsBodyPart>
		<anesthetize>false</anesthetize>
		<workAmount>600</workAmount>
		<dontShowIfAnyIngredientMissing>true</dontShowIfAnyIngredientMissing>
		<surgerySuccessChanceFactor>99999</surgerySuccessChanceFactor>
		<ingredients>
			<li>
				<filter>
					<thingDefs>
						<li>ShiYiHaoYaoJi</li>
					</thingDefs>
				</filter>
				<count>1</count>
			</li>
		</ingredients>
		<fixedIngredientFilter>
			<thingDefs>
				<li>ShiYiHaoYaoJi</li>
			</thingDefs>
		</fixedIngredientFilter>
		<recipeUsers>
			<li>Human</li>
			<li>Muffalo</li>
			<li>Gazelle</li>
			<li>Iguana</li>
			<li>Rhinoceros</li>
			<li>Dromedary</li>
			<li>Bear_Grizzly</li>
			<li>Bear_Polar</li>
			<li>Cougar</li>
			<li>Panther</li>
			<li>Lynx</li>
			<li>Cassowary</li>
			<li>Emu</li>
			<li>Ostrich</li>
			<li>Turkey</li>
			<li>Chicken</li>
			<li>Pig</li>
			<li>Cow</li>
			<li>Alpaca</li>
			<li>Elephant</li>
			<li>Megasloth</li>
			<li>Thrumbo</li>
			<li>Hare</li>
			<li>Snowhare</li>
			<li>YorkshireTerrier</li>
			<li>Husky</li>
			<li>LabradorRetriever</li>
			<li>Cat</li>
			<li>Squirrel</li>
			<li>Capybara</li>
			<li>Chinchilla</li>
			<li>Raccoon</li>
			<li>Rat</li>
			<li>Deer</li>
			<li>Ibex</li>
			<li>Elk</li>
			<li>Caribou</li>
			<li>WildBoar</li>
			<li>Tortoise</li>
			<li>Cobra</li>
			<li>Monkey</li>
			<li>Warg</li>
			<li>Wolf_Timber</li>
			<li>Wolf_Arctic</li>
			<li>Fox_Fennec</li>
			<li>Fox_Red</li>
			<li>Fox_Arctic</li>
		</recipeUsers>
	</RecipeDef>


	<RecipeDef>
		<defName>MakeHai3Yetai</defName>
		<label>提炼氦3燃料</label>
		<description>用尸体提炼氦3燃料。</description>
		<jobString>提炼中。</jobString>
		<workAmount>2500</workAmount>
		<effectWorking>Smelt</effectWorking>
		<soundWorking>Recipe_Smelt</soundWorking>
		<workSkill>Crafting</workSkill>
		<recipeUsers>
			<li>ElectricSmelter</li>
		</recipeUsers>
		<ingredients>
			<li>
				<filter>
					<categories>
						<li>Corpses</li>
					</categories>
				</filter>
				<count>1</count>
			</li>
		</ingredients>
		<fixedIngredientFilter>
			<categories>
				<li>Corpses</li>
			</categories>
			<disallowedCategories>
				<li>CorpsesMechanoid</li>
				<li>CorpsesAnimal</li>
			</disallowedCategories>
		</fixedIngredientFilter>
		<defaultIngredientFilter>
			<categories>
				<li>CorpsesHumanlike</li>
			</categories>
			<specialFiltersToAllow>
				<li>AllowCorpsesColonist</li>
				<li>AllowCorpsesStranger</li>
			</specialFiltersToAllow>
		</defaultIngredientFilter>
		<products>
			<Hai3Yetai>1</Hai3Yetai>
		</products>
	</RecipeDef>


	<RecipeDef>
		<defName>HechengHai3Yetai</defName>
		<label>合成氦3燃料</label>
		<description>用铀矿石合成氦3燃料。</description>
		<jobString>合成中。</jobString>
		<workAmount>2500</workAmount>
		<effectWorking>Smelt</effectWorking>
		<soundWorking>Recipe_Smelt</soundWorking>
		<workSkill>Crafting</workSkill>
		<recipeUsers>
			<li>ElectricSmelter</li>
		</recipeUsers>
		<ingredients>
			<li>
				<filter>
					<thingDefs>
						<li>Uranium</li>
					</thingDefs>
				</filter>
				<count>50</count>
			</li>
		</ingredients>
		<fixedIngredientFilter>
			<thingDefs>
				<li>Uranium</li>
			</thingDefs>
		</fixedIngredientFilter>
		<defaultIngredientFilter>
			<thingDefs>
				<li>Uranium</li>
			</thingDefs>
		</defaultIngredientFilter>
		<products>
			<Hai3Yetai>1</Hai3Yetai>
		</products>
	</RecipeDef>

	<!-- <RecipeDef> -->
	<!-- <defName>MakeAIHexin</defName> -->
	<!-- <label>制作AI角色核心</label> -->
	<!-- <description>制作AI角色核心。</description> -->
	<!-- <jobString>正在制作AI角色核心。</jobString> -->
	<!-- <workSpeedStat>SmithingSpeed</workSpeedStat> -->
	<!-- <effectWorking>Smelt</effectWorking> -->
	<!-- <soundWorking>Recipe_Machining</soundWorking> -->
	<!-- <allowMixingIngredients>true</allowMixingIngredients> -->
	<!-- <workAmount>5000</workAmount> -->
	<!-- <targetCountAdjustment>0</targetCountAdjustment> -->
	<!-- <ingredients> -->
	<!-- <li> -->
	<!-- <filter> -->
	<!-- <thingDefs> -->
	<!-- <li>Plasteel</li> -->
	<!-- </thingDefs> -->
	<!-- </filter> -->
	<!-- <count>75</count> -->
	<!-- </li> -->
	<!-- <li> -->
	<!-- <filter> -->
	<!-- <thingDefs> -->
	<!-- <li>ComponentIndustrial</li> -->
	<!-- </thingDefs> -->
	<!-- </filter> -->
	<!-- <count>5</count> -->
	<!-- </li> -->
	<!-- </ingredients> -->
	<!-- <fixedIngredientFilter> -->
	<!-- <thingDefs> -->
	<!-- <li>Plasteel</li> -->
	<!-- <li>ComponentIndustrial</li> -->
	<!-- </thingDefs> -->
	<!-- </fixedIngredientFilter> -->
	<!-- <products> -->
	<!-- <AIPersonaCore>1</AIPersonaCore> -->
	<!-- </products> -->
	<!-- <workSkill>Crafting</workSkill> -->
	<!-- <recipeUsers> -->
	<!-- <li>TableMachining</li> -->
	<!-- </recipeUsers> -->
	<!-- </RecipeDef> -->


	<!-- <RecipeDef>
		<defName>MakeXunlianqi</defName>
		<label>制作神经训练器</label>
		<description>制作神经训练器。</description>
		<jobString>正在制作神经训练器。</jobString>
		<workSpeedStat>SmithingSpeed</workSpeedStat>
		<effectWorking>Smelt</effectWorking>
		<soundWorking>Recipe_Machining</soundWorking>
		<allowMixingIngredients>true</allowMixingIngredients>
		<workAmount>3000</workAmount>
		<ingredients>
			<li>
				<filter>
					<thingDefs>
						<li>Plasteel</li>
					</thingDefs>
				</filter>
				<count>30</count>
			</li>
			<li>
				<filter>
					<thingDefs>
						<li>ComponentIndustrial</li>
					</thingDefs>
				</filter>
				<count>2</count>
			</li>
		</ingredients>
		<fixedIngredientFilter>
			<thingDefs>
				<li>Plasteel</li>
				<li>ComponentIndustrial</li>
			</thingDefs>
		</fixedIngredientFilter>
		<products>
			<MechSerumNeurotrainer>1</MechSerumNeurotrainer>
		</products>
		<workSkill>Crafting</workSkill>
		<recipeUsers>
			<li>TableMachining</li>
		</recipeUsers>
	</RecipeDef>
 -->
	<RecipeDef>
		<defName>MakeShimoxi</defName>
		<label>提炼石墨烯</label>
		<description>提炼石墨烯。</description>
		<jobString>正在提炼石墨烯。</jobString>
		<workAmount>800</workAmount>
		<effectWorking>Smelt</effectWorking>
		<soundWorking>Recipe_Smelt</soundWorking>
		<workSkill>Crafting</workSkill>
		<targetCountAdjustment>25</targetCountAdjustment>
		<!--目标数量调整-->
		<recipeUsers>
			<li>ElectricSmelter</li>
		</recipeUsers>
		<ingredients>
			<li>
				<filter>
					<thingDefs>
						<li>WoodLog</li>
					</thingDefs>
				</filter>
				<count>75</count>
			</li>
		</ingredients>
		<fixedIngredientFilter>
			<thingDefs>
				<li>WoodLog</li>
			</thingDefs>
		</fixedIngredientFilter>
		<defaultIngredientFilter>
			<thingDefs>
				<li>WoodLog</li>
			</thingDefs>
			<specialFiltersToAllow>
				<li>AllowCorpsesColonist</li>
				<li>AllowCorpsesStranger</li>
			</specialFiltersToAllow>
		</defaultIngredientFilter>
		<products>
			<Shimoxi>10</Shimoxi>
		</products>
	</RecipeDef>

<!-- 	<RecipeDef>
		<defName>MakeShimoxiZhiwu</defName>
		<label>合成石墨烯织物</label>
		<description>合成石墨烯织物。</description>
		<jobString>正在合成石墨烯织物。</jobString>
		<workAmount>800</workAmount>
		<effectWorking>Smelt</effectWorking>
		<soundWorking>Recipe_Smelt</soundWorking>
		<workSkill>Crafting</workSkill>
		<targetCountAdjustment>25</targetCountAdjustment>
		<recipeUsers>
			<li>ElectricSmelter</li>
		</recipeUsers>
		<ingredients>
			<li>
				<filter>
					<thingDefs>
						<li>WoodLog</li>
					</thingDefs>
				</filter>
				<count>75</count>
			</li>
		</ingredients>
		<fixedIngredientFilter>
			<thingDefs>
				<li>WoodLog</li>
			</thingDefs>
		</fixedIngredientFilter>
		<defaultIngredientFilter>
			<thingDefs>
				<li>WoodLog</li>
			</thingDefs>
			<specialFiltersToAllow>
				<li>AllowCorpsesColonist</li>
				<li>AllowCorpsesStranger</li>
			</specialFiltersToAllow>
		</defaultIngredientFilter>
		<products>
			<ShimoxiZhiwu>10</ShimoxiZhiwu>
		</products>
	</RecipeDef> -->

	<RecipeDef ParentName="MakeStoneBlocksBase">
		<defName>MakeCIWSSandsAny</defName>
		<label>制作建筑沙</label>
		<description>用石头粉碎制作建筑用沙。</description>
		<jobString>正在制作建筑沙。</jobString>
		<workAmount>600</workAmount>
		<workSpeedStat>SmeltingSpeed</workSpeedStat>
		<workSkillLearnFactor>0.3</workSkillLearnFactor>
		<effectWorking>CutStone</effectWorking>
		<soundWorking>Recipe_MakeStoneBlocks</soundWorking>
		<recipeUsers>
			<li>TableStonecutter</li>
		</recipeUsers>
		<ingredients>
			<li>
				<filter>
					<categories>
						<li>StoneBlocks</li>
					</categories>
				</filter>
				<count>20</count>
			</li>
		</ingredients>
		<fixedIngredientFilter>
			<categories>
				<li>StoneBlocks</li>
			</categories>
		</fixedIngredientFilter>
		<products>
			<CIWSSands>40</CIWSSands>
		</products>
	</RecipeDef>

	<RecipeDef>
		<defName>MakeShengLiao</defName>
		<label>制作水泥生料</label>
		<description>制作水泥生料，用于煅烧核电水泥的原料。</description>
		<jobString>正在制作水泥生料。</jobString>
		<workAmount>1600</workAmount>
		<workSpeedStat>SmeltingSpeed</workSpeedStat>
		<effectWorking>Smelt</effectWorking>
		<soundWorking>Recipe_Smelt</soundWorking>
		<ingredients>
			<li>
				<filter>
					<thingDefs>
						<li>BlocksLimestone</li>
					</thingDefs>
				</filter>
				<count>70</count>
			</li>
			<li>
				<filter>
					<thingDefs>
						<li>CIWSSands</li>
					</thingDefs>
				</filter>
				<count>15</count>
			</li>
			<li>
				<filter>
					<thingDefs>
						<li>Steel</li>
					</thingDefs>
				</filter>
				<count>1</count>
			</li>
		</ingredients>
		<fixedIngredientFilter>
			<thingDefs>
				<li>BlocksLimestone</li>
				<li>CIWSSands</li>
				<li>Steel</li>
			</thingDefs>
		</fixedIngredientFilter>
		<products>
			<ShuiNiShengLiao>10</ShuiNiShengLiao>
		</products>
		<recipeUsers>
			<li>TableStonecutter</li>
		</recipeUsers>
	</RecipeDef>

	<RecipeDef>
		<defName>MakeCIWS_ShuiNi</defName>
		<label>锻造核电水泥</label>
		<description>使用水泥生料锻造核电水泥。</description>
		<jobString>锻造中。</jobString>
		<workAmount>1200</workAmount>
		<effectWorking>Smelt</effectWorking>
		<soundWorking>Recipe_Smelt</soundWorking>
		<workSkill>Crafting</workSkill>
		<recipeUsers>
			<li>ElectricSmelter</li>
		</recipeUsers>
		<ingredients>
			<li>
				<filter>
					<thingDefs>
						<li>ShuiNiShengLiao</li>
					</thingDefs>
				</filter>
				<count>55</count>
			</li>
			<li>
				<filter>
					<thingDefs>
						<li>WoodLog</li>
					</thingDefs>
				</filter>
				<count>45</count>
			</li>
		</ingredients>
		<fixedIngredientFilter>
			<thingDefs>
				<li>ShuiNiShengLiao</li>
				<li>WoodLog</li>
			</thingDefs>
		</fixedIngredientFilter>
		<defaultIngredientFilter>
			<thingDefs>
				<li>ShuiNiShengLiao</li>
				<li>WoodLog</li>
			</thingDefs>
		</defaultIngredientFilter>
		<products>
			<CIWS_ShuiNi>90</CIWS_ShuiNi>
		</products>
	</RecipeDef>


</Defs>